{"model_layers":[16,2,1],"model_weights":[[[[-0.5512871011164112,-1.7233806917299535,-1.5071916678818431,-1.2682830325322243,1.3187952974424666,0.25493476590828756,0.07522202721749588,2.353427658818288,1.1629121826228088,-5.116172207523539,-1.0285357053197361,2.407898764335398,-0.779093701220815,-1.8561817313418518,1.252213776961232,4.457690525441797],[0.30973538518636495,1.5618577774730424,1.0943830381790076,1.5970897953666574,-0.588908294548727,-0.43349160366480277,0.02278313517328738,-1.8207008339481159,-1.2334376276699295,4.1942293722828,2.826320895890462,-1.508422690644454,-0.7031103535512191,1.518858805410427,-0.3290364578294418,-2.713447290231984]],[[14.73657014741461,-11.933576327489408]]],[[[1.295188970994893],[-2.1341508267991673]],[[-1.0990421055974675]]]]}